{
  "success": true,
  "energy": -5.065772968305,
  "results": {
    "energy": -5.065772968305,
    "homo_lumo_gap": 16.326799898512
  },
  "error": null
}