{
   "total energy":          -5.07054441,
   "HOMO-LUMO gap/eV":          14.39649481,
   "electronic energy":          -5.11939605,
   "dipole": [     0.00000000,     0.00000000,     0.81557476],
   "partial charges": [
       -0.56474197,
        0.28237098,
        0.28237098],
   "atomic dipole moments": [
   [     0.00000000,    -0.00000000,     0.17448092],
   [     0.05879299,    -0.00000000,     0.04527528],
   [    -0.05879299,     0.00000000,     0.04527528]],
   "atomic quadrupole moments": [
   [     0.01714924,    -0.00000000,    -0.06117060,     0.00000000,    -0.00000000,     0.04402136],
   [     0.09351121,     0.00000000,    -0.09890381,     0.11671871,     0.00000000,     0.00539259],
   [     0.09351121,     0.00000000,    -0.09890381,    -0.11671871,    -0.00000000,     0.00539259]],
   "number of molecular orbitals": 6,
   "number of electrons": 8,
   "number of unpaired electrons": 0,
   "orbital energies/eV": [
      -18.50662667,
      -15.46476414,
      -13.90161767,
      -12.14699839,
        2.24949642,
        6.85165386],
   "fractional occupation": [
        2.00000000,
        2.00000000,
        2.00000000,
        2.00000000,
        0.00000000,
        0.00000000],
   "program call": "/usr/bin/xtb /app/jobs/manualwatertest2_20251116_114439_35777b46/manualwatertest2.xyz --opt normal --json",
   "method": "GFN2-xTB",
   "xtb version": "6.6.1 (unknown)"
}
