{
   "total energy":          -0.98268614,
   "HOMO-LUMO gap/eV":          16.08633536,
   "electronic energy":          -1.02151786,
   "dipole": [    -0.00000000,     0.00000000,     0.00000000],
   "partial charges": [
       -0.00000000,
        0.00000000],
   "atomic dipole moments": [
   [    -0.28644221,     0.00000000,     0.00000000],
   [     0.28644221,     0.00000000,     0.00000000]],
   "atomic quadrupole moments": [
   [    -0.25155326,     0.00000000,     0.12577663,     0.00000000,     0.00000000,     0.12577663],
   [    -0.25155326,     0.00000000,     0.12577663,     0.00000000,     0.00000000,     0.12577663]],
   "number of molecular orbitals": 2,
   "number of electrons": 2,
   "number of unpaired electrons": 0,
   "orbital energies/eV": [
      -12.64474357,
        3.44159179],
   "fractional occupation": [
        2.00000000,
        0.00000000],
   "program call": "xtb /tmp/test_h2.xyz --opt normal --json --gfn 2",
   "method": "GFN2-xTB",
   "xtb version": "6.6.1 (unknown)"
}
