{
   "total energy":          -5.07054413,
   "HOMO-LUMO gap/eV":          14.37303685,
   "electronic energy":          -5.10544941,
   "dipole": [     0.00000000,     0.00000000,     0.89315874],
   "partial charges": [
       -0.56460496,
        0.28230248,
        0.28230248],
   "atomic dipole moments": [
   [    -0.00000000,     0.00000000,     0.17418614],
   [    -0.00000000,    -0.05889620,     0.04539008],
   [     0.00000000,     0.05889620,     0.04539008]],
   "atomic quadrupole moments": [
   [    -0.06116820,     0.00000000,     0.01706057,    -0.00000000,     0.00000000,     0.04410763],
   [    -0.09880676,    -0.00000000,     0.09335380,     0.00000000,    -0.11661863,     0.00545297],
   [    -0.09880676,     0.00000000,     0.09335380,     0.00000000,     0.11661863,     0.00545297]],
   "number of molecular orbitals": 6,
   "number of electrons": 8,
   "number of unpaired electrons": 0,
   "orbital energies/eV": [
      -18.50474780,
      -15.46269220,
      -13.90247133,
      -12.14654588,
        2.22649098,
        6.81676804],
   "fractional occupation": [
        2.00000000,
        2.00000000,
        2.00000000,
        2.00000000,
        0.00000000,
        0.00000000],
   "program call": "/usr/bin/xtb /tmp/tmpaafzl99e.xyz --opt normal --json",
   "method": "GFN2-xTB",
   "xtb version": "6.6.1 (unknown)"
}
