{
  "success": true,
  "energy": -46.893692878184,
  "results": {
    "energy": -46.893692878184,
    "homo_lumo_gap": 0.065494018618
  },
  "error": null
}