{
   "total energy":         -61.40989492,
   "HOMO-LUMO gap/eV":           0.05632839,
   "electronic energy":         -59.45861926,
   "dipole": [    -2.31758172,    -1.11359503,     0.00000000],
   "partial charges": [
       -0.00453938,
        0.06328864,
       -0.30575012,
        0.02983212,
       -0.00315987,
        0.14770067,
       -0.01464370,
        0.26405331,
        0.17741588,
        0.12563122,
        0.16138777,
        0.18646010,
       -0.28585582,
        0.33761044,
       -0.14437239,
       -0.31253028,
       -0.12976298,
       -0.41025525,
       -0.37398384,
       -0.20461768,
       -0.32606545,
        0.35279012,
        0.31795014,
        0.35141637],
   "atomic dipole moments": [
   [    -0.01293556,     0.10433112,    -0.00000564],
   [     0.02962483,     0.02400203,     0.00000412],
   [    -0.28450312,     0.04439771,    -0.00000305],
   [     0.03302220,     0.03567442,    -0.00000678],
   [     0.04250438,     0.01681431,     0.00000625],
   [    -0.05413376,    -0.08259832,     0.00000961],
   [     0.21147701,     0.06837099,     0.00000189],
   [     0.06216147,     0.24837754,     0.00000422],
   [    -0.09260992,     0.02869761,     0.00000297],
   [    -0.02677912,    -0.19897857,     0.00001900],
   [    -0.22274180,    -0.08342125,     0.00000362],
   [     0.41436806,     0.15932488,     0.00018667],
   [     0.27494703,     0.05027577,    -0.00001391],
   [     0.10513528,    -0.02226764,    -0.00014586],
   [    -0.09196941,    -0.24503230,     0.00000453],
   [    -0.19033885,     0.07232100,    -0.00000306],
   [    -0.18522824,    -0.00634496,    -0.00000169],
   [     0.17391954,     0.10040820,    -0.00002473],
   [     0.18105357,     0.10134886,    -0.00000442],
   [     0.04746022,     0.01766041,    -0.00004192],
   [     0.05477706,    -0.16932299,    -0.00002737],
   [     0.00650213,     0.08635167,     0.00000302],
   [     0.07500103,    -0.05294571,    -0.00001189],
   [     0.05769518,    -0.05170873,     0.00000422]],
   "atomic quadrupole moments": [
   [    -0.18813319,    -0.03882029,     0.07311729,    -0.00000608,     0.00001494,     0.11501589],
   [    -0.16997626,    -0.03044508,    -0.15806780,    -0.00002414,    -0.00001685,     0.32804406],
   [    -0.14034550,     0.00873476,    -0.01221219,    -0.00000544,    -0.00000259,     0.15255770],
   [    -0.29523369,     0.03001814,     0.02320695,     0.00000134,     0.00001857,     0.27202674],
   [    -0.07015821,     0.00043915,     0.03227222,     0.00004487,     0.00001069,     0.03788599],
   [    -0.30844129,     0.08322953,    -0.01272482,     0.00003326,    -0.00000263,     0.32116611],
   [     0.14430487,     0.14129454,     0.00207956,    -0.00003743,     0.00001218,    -0.14638443],
   [     0.16258618,    -0.17972873,    -0.31604820,    -0.00000328,    -0.00000683,     0.15346203],
   [    -0.47179644,    -0.10617539,     0.33816033,     0.00000603,    -0.00001518,     0.13363611],
   [    -0.21220972,     0.17344426,     0.13655558,    -0.00002696,     0.00000116,     0.07565414],
   [    -0.36621444,     0.01112399,     0.18223144,     0.00000641,    -0.00000498,     0.18398299],
   [    -0.70205483,    -0.43230750,     0.32056381,    -0.00022416,    -0.00008080,     0.38149102],
   [    -0.06067071,    -0.01091436,    -0.08584100,     0.00002754,     0.00005563,     0.14651171],
   [    -0.13881825,    -0.10679582,    -0.29072445,     0.00012197,    -0.00015092,     0.42954270],
   [     0.05461604,     0.10917346,     0.03155957,    -0.00000085,     0.00000224,    -0.08617562],
   [     0.07711397,     0.00711017,    -0.06952286,     0.00000266,     0.00000030,    -0.00759111],
   [    -0.44817567,    -0.07085145,     0.48767015,     0.00001727,    -0.00002820,    -0.03949448],
   [    -0.00491000,     0.07200112,     0.09018674,    -0.00000371,    -0.00000718,    -0.08527675],
   [    -0.00153442,     0.05221503,     0.05259221,    -0.00000158,    -0.00000168,    -0.05105778],
   [    -0.52121943,    -0.32876720,     0.24522152,    -0.00020280,    -0.00007673,     0.27599790],
   [    -0.05782681,     0.00657904,    -0.13127503,     0.00006473,    -0.00013301,     0.18910184],
   [    -0.03933871,     0.02740169,     0.11608077,     0.00000107,     0.00000485,    -0.07674206],
   [     0.05102960,    -0.07872394,     0.02512856,    -0.00002110,     0.00001000,    -0.07615817],
   [     0.02642859,    -0.05730273,     0.04901002,     0.00000476,    -0.00000515,    -0.07543862]],
   "number of molecular orbitals": 87,
   "number of electrons": 104,
   "number of unpaired electrons": 0,
   "orbital energies/eV": [
      -22.34140082,
      -21.57118286,
      -20.97784662,
      -20.58577434,
      -20.31105390,
      -20.06330431,
      -20.03171320,
      -19.93769163,
      -19.80403469,
      -19.57128142,
      -19.41672638,
      -18.97400589,
      -18.88496260,
      -18.73712158,
      -18.45682240,
      -18.36908767,
      -17.93597389,
      -17.91036574,
      -17.82807290,
      -17.67258225,
      -17.20875339,
      -17.06638527,
      -16.79359362,
      -16.73014257,
      -16.66249413,
      -16.38228385,
      -16.24210067,
      -16.17020089,
      -15.96806109,
      -15.78941937,
      -15.51611761,
      -15.38767741,
      -15.26946210,
      -15.15966765,
      -15.02143972,
      -14.74670336,
      -14.59839209,
      -14.50570005,
      -14.43813933,
      -14.25363135,
      -13.67555892,
      -13.59933422,
      -13.35916558,
      -13.02932972,
      -12.44260486,
      -12.39906623,
      -12.19231006,
      -12.05525524,
      -11.63513748,
      -11.15954945,
      -10.57390246,
       -9.70560278,
       -9.64927439,
       -8.97089359,
       -7.53006905,
       -6.74354243,
       -6.13599556,
       -5.46561178,
       -5.43964543,
       -5.05510313,
       -3.93440117,
       -3.83459159,
       -1.84931722,
       -0.65560844,
       -0.02880511,
        0.30285103,
        1.04530881,
        1.68381927,
        2.18809558,
        2.72220175,
        3.54677911,
        3.64913672,
        4.61338871,
        5.28766018,
        6.16902809,
        6.74913820,
        7.26532545,
        7.81310658,
        9.31164140,
       10.16835984,
       11.93280010,
       13.98294255,
       14.74791478,
       18.28926118,
       20.03493959,
       26.00294844,
       32.10595608],